{
    "idSave": 261,
    "isFirstSession": false,
    "language": "ru",
    "promptDone": false,
    "CountBomb": 87,
    "CountSwipe": 114,
    "CountMix": 91,
    "CountPaint": 99,
    "Money": 305,
    "Volume": 0.06883342564105988,
    "RecordEndlessMode": [
        69,
        66,
        63
    ],
    "RecordTaskMode": [
        201,
        126,
        42
    ],
    "TimeEndlessMode": [
        69.20002746582031,
        68.8000259399414,
        68.4000244140625
    ],
    "TimeTaskMode": [
        100.20000457763672,
        85.20000457763672,
        68.4000015258789
    ]
}