{
    "idSave": 219,
    "isFirstSession": false,
    "language": "ru",
    "promptDone": false,
    "CountBomb": 99,
    "CountSwipe": 99,
    "CountMix": 95,
    "CountPaint": 99,
    "Money": 1042,
    "Volume": 0.3724309504032135,
    "RecordEndlessMode": [
        24,
        21,
        20
    ],
    "RecordTaskMode": [
        0,
        0,
        0
    ],
    "TimeEndlessMode": [
        13.199996948242188,
        12.799997329711914,
        7.40000057220459
    ],
    "TimeTaskMode": [
        0.0,
        0.0,
        0.0
    ]
}